{"cameraMode":{"drawMode":0,"name":"Shaded","section":"Shading Mode"},"sceneLighting":true,"audioPlay":false,"sceneViewState":{"m_AlwaysRefresh":false,"showFog":true,"showSkybox":true,"showFlares":true,"showImageEffects":true,"showParticleSystems":true,"showVisualEffectGraphs":true,"m_FxEnabled":true},"in2DMode":false,"pivot":{"x":18.55771255493164,"y":9.326924324035645,"z":-15.275598526000977},"rotation":{"x":-0.061605844646692279,"y":0.07270728051662445,"z":-0.004501726478338242,"w":-0.9954431653022766},"size":12.12435531616211,"orthographic":false}